{"cameraMode":{"drawMode":0,"name":"Shaded","section":"Shading Mode"},"sceneLighting":false,"audioPlay":false,"sceneViewState":{"showFog":true,"showMaterialUpdate":false,"showSkybox":false,"showFlares":true,"showImageEffects":true,"showParticleSystems":true,"showVisualEffectGraphs":true,"m_FxEnabled":true},"in2DMode":false,"pivot":{"x":0.45848846435546877,"y":2.7447221279144289,"z":-13.262855529785157},"rotation":{"x":0.019032185897231103,"y":-0.5367765426635742,"z":0.012025506235659123,"w":0.8435574769973755},"size":0.8660253882408142,"orthographic":false}