{"cameraMode":{"drawMode":0,"name":"Shaded","section":"Shading Mode"},"sceneLighting":true,"audioPlay":false,"sceneViewState":{"showFog":true,"showMaterialUpdate":false,"showSkybox":true,"showFlares":true,"showImageEffects":true,"showParticleSystems":true,"showVisualEffectGraphs":true,"m_FxEnabled":true},"in2DMode":false,"pivot":{"x":-31.294464111328126,"y":4.423225402832031,"z":17.902986526489259},"rotation":{"x":0.012373019941151142,"y":0.5353003740310669,"z":0.007918625138700009,"w":-0.8445706367492676},"size":19.915668487548829,"orthographic":false}