{"cameraMode":{"drawMode":0,"name":"Shaded","section":"Shading Mode"},"sceneLighting":true,"audioPlay":false,"sceneViewState":{"showFog":true,"showMaterialUpdate":false,"showSkybox":true,"showFlares":true,"showImageEffects":true,"showParticleSystems":true,"showVisualEffectGraphs":true,"m_FxEnabled":true},"in2DMode":false,"pivot":{"x":-7.919295787811279,"y":5.5595598220825199,"z":-50.678619384765628},"rotation":{"x":0.046673551201820376,"y":-0.07186508178710938,"z":0.0033533789683133365,"w":0.9963341355323792},"size":0.3247449994087219,"orthographic":false}