{"cameraMode":{"drawMode":0,"name":"Shaded","section":"Shading Mode"},"sceneLighting":true,"audioPlay":false,"sceneViewState":{"showFog":true,"showMaterialUpdate":false,"showSkybox":true,"showFlares":true,"showImageEffects":true,"showParticleSystems":true,"showVisualEffectGraphs":true,"m_FxEnabled":true},"in2DMode":false,"pivot":{"x":0.9303977489471436,"y":1.2251592874526978,"z":-14.142122268676758},"rotation":{"x":0.08333160728216171,"y":-0.5153367519378662,"z":0.05036402493715286,"w":0.8515707850456238},"size":2.220118284225464,"orthographic":false}