{"cameraMode":{"drawMode":0,"name":"Shaded","section":"Shading Mode"},"sceneLighting":true,"audioPlay":false,"sceneViewState":{"showFog":true,"showMaterialUpdate":false,"showSkybox":true,"showFlares":true,"showImageEffects":true,"showParticleSystems":true,"showVisualEffectGraphs":true,"m_FxEnabled":true},"in2DMode":false,"pivot":{"x":-0.28612133860588076,"y":1.7885116338729859,"z":-0.5295465588569641},"rotation":{"x":-0.027026256546378137,"y":0.9613062739372253,"z":-0.10128761827945709,"w":-0.2552033066749573},"size":18.574342727661134,"orthographic":false}