{"cameraMode":{"drawMode":0,"name":"Shaded","section":"Shading Mode"},"sceneLighting":true,"audioPlay":false,"sceneViewState":{"showFog":true,"showMaterialUpdate":false,"showSkybox":true,"showFlares":true,"showImageEffects":true,"showParticleSystems":true,"showVisualEffectGraphs":true,"m_FxEnabled":true},"in2DMode":false,"pivot":{"x":0.45848846435546877,"y":2.7447221279144289,"z":-13.262855529785157},"rotation":{"x":0.14357241988182069,"y":-0.39843282103538515,"z":0.06323184072971344,"w":0.9038082957267761},"size":7.614201545715332,"orthographic":false}