{"cameraMode":{"drawMode":0,"name":"Shaded","section":"Shading Mode"},"sceneLighting":false,"audioPlay":false,"sceneViewState":{"showFog":true,"showMaterialUpdate":false,"showSkybox":false,"showFlares":true,"showImageEffects":true,"showParticleSystems":true,"showVisualEffectGraphs":true,"m_FxEnabled":true},"in2DMode":false,"pivot":{"x":295.02655029296877,"y":187.0843048095703,"z":-39.35673522949219},"rotation":{"x":0.01501583680510521,"y":-0.010218922980129719,"z":0.000014202711099642329,"w":1.0000375509262086},"size":324.5167236328125,"orthographic":false}